{
    "name": "root",
    "gauges": {
        "PlayerBehaviour.Policy.Entropy.mean": {
            "value": 1.5004901885986328,
            "min": 1.5004901885986328,
            "max": 1.5004901885986328,
            "count": 1
        },
        "PlayerBehaviour.Policy.Entropy.sum": {
            "value": 13517.916015625,
            "min": 13517.916015625,
            "max": 13517.916015625,
            "count": 1
        },
        "PlayerBehaviour.Environment.EpisodeLength.mean": {
            "value": 625.0,
            "min": 625.0,
            "max": 625.0,
            "count": 1
        },
        "PlayerBehaviour.Environment.EpisodeLength.sum": {
            "value": 625.0,
            "min": 625.0,
            "max": 625.0,
            "count": 1
        },
        "PlayerBehaviour.Self-play.ELO.mean": {
            "value": 969.4797566337501,
            "min": 969.4797566337501,
            "max": 969.4797566337501,
            "count": 1
        },
        "PlayerBehaviour.Self-play.ELO.sum": {
            "value": 969.4797566337501,
            "min": 969.4797566337501,
            "max": 969.4797566337501,
            "count": 1
        },
        "PlayerBehaviour.Step.mean": {
            "value": 3699059.0,
            "min": 3699059.0,
            "max": 3699059.0,
            "count": 1
        },
        "PlayerBehaviour.Step.sum": {
            "value": 3699059.0,
            "min": 3699059.0,
            "max": 3699059.0,
            "count": 1
        },
        "PlayerBehaviour.Policy.ExtrinsicValueEstimate.mean": {
            "value": -0.26190465688705444,
            "min": -0.26190465688705444,
            "max": -0.26190465688705444,
            "count": 1
        },
        "PlayerBehaviour.Policy.ExtrinsicValueEstimate.sum": {
            "value": -0.26190465688705444,
            "min": -0.26190465688705444,
            "max": -0.26190465688705444,
            "count": 1
        },
        "PlayerBehaviour.Policy.CuriosityValueEstimate.mean": {
            "value": 1.2408711910247803,
            "min": 1.2408711910247803,
            "max": 1.2408711910247803,
            "count": 1
        },
        "PlayerBehaviour.Policy.CuriosityValueEstimate.sum": {
            "value": 1.2408711910247803,
            "min": 1.2408711910247803,
            "max": 1.2408711910247803,
            "count": 1
        },
        "PlayerBehaviour.Environment.CumulativeReward.mean": {
            "value": -4.1645002365112305,
            "min": -4.1645002365112305,
            "max": -4.1645002365112305,
            "count": 1
        },
        "PlayerBehaviour.Environment.CumulativeReward.sum": {
            "value": -4.1645002365112305,
            "min": -4.1645002365112305,
            "max": -4.1645002365112305,
            "count": 1
        },
        "PlayerBehaviour.Policy.ExtrinsicReward.mean": {
            "value": -4.1645002365112305,
            "min": -4.1645002365112305,
            "max": -4.1645002365112305,
            "count": 1
        },
        "PlayerBehaviour.Policy.ExtrinsicReward.sum": {
            "value": -4.1645002365112305,
            "min": -4.1645002365112305,
            "max": -4.1645002365112305,
            "count": 1
        },
        "PlayerBehaviour.Policy.CuriosityReward.mean": {
            "value": 0.0,
            "min": 0.0,
            "max": 0.0,
            "count": 1
        },
        "PlayerBehaviour.Policy.CuriosityReward.sum": {
            "value": 0.0,
            "min": 0.0,
            "max": 0.0,
            "count": 1
        },
        "PlayerBehaviour.IsTraining.mean": {
            "value": 1.0,
            "min": 1.0,
            "max": 1.0,
            "count": 1
        },
        "PlayerBehaviour.IsTraining.sum": {
            "value": 1.0,
            "min": 1.0,
            "max": 1.0,
            "count": 1
        },
        "EnemyBehaviour.Policy.Entropy.mean": {
            "value": 1.5209195613861084,
            "min": 1.5209195613861084,
            "max": 1.5209195613861084,
            "count": 1
        },
        "EnemyBehaviour.Policy.Entropy.sum": {
            "value": 13701.96484375,
            "min": 13701.96484375,
            "max": 13701.96484375,
            "count": 1
        },
        "EnemyBehaviour.Environment.EpisodeLength.mean": {
            "value": 625.0,
            "min": 625.0,
            "max": 625.0,
            "count": 1
        },
        "EnemyBehaviour.Environment.EpisodeLength.sum": {
            "value": 625.0,
            "min": 625.0,
            "max": 625.0,
            "count": 1
        },
        "EnemyBehaviour.Self-play.ELO.mean": {
            "value": 1200.230616902139,
            "min": 1200.230616902139,
            "max": 1200.230616902139,
            "count": 1
        },
        "EnemyBehaviour.Self-play.ELO.sum": {
            "value": 1200.230616902139,
            "min": 1200.230616902139,
            "max": 1200.230616902139,
            "count": 1
        },
        "EnemyBehaviour.Step.mean": {
            "value": 3699059.0,
            "min": 3699059.0,
            "max": 3699059.0,
            "count": 1
        },
        "EnemyBehaviour.Step.sum": {
            "value": 3699059.0,
            "min": 3699059.0,
            "max": 3699059.0,
            "count": 1
        },
        "EnemyBehaviour.Policy.ExtrinsicValueEstimate.mean": {
            "value": -0.2253115028142929,
            "min": -0.2253115028142929,
            "max": -0.2253115028142929,
            "count": 1
        },
        "EnemyBehaviour.Policy.ExtrinsicValueEstimate.sum": {
            "value": -0.2253115028142929,
            "min": -0.2253115028142929,
            "max": -0.2253115028142929,
            "count": 1
        },
        "EnemyBehaviour.Policy.CuriosityValueEstimate.mean": {
            "value": 1.1379488706588745,
            "min": 1.1379488706588745,
            "max": 1.1379488706588745,
            "count": 1
        },
        "EnemyBehaviour.Policy.CuriosityValueEstimate.sum": {
            "value": 1.1379488706588745,
            "min": 1.1379488706588745,
            "max": 1.1379488706588745,
            "count": 1
        },
        "EnemyBehaviour.Environment.CumulativeReward.mean": {
            "value": -0.7644999623298645,
            "min": -0.7644999623298645,
            "max": -0.7644999623298645,
            "count": 1
        },
        "EnemyBehaviour.Environment.CumulativeReward.sum": {
            "value": -0.7644999623298645,
            "min": -0.7644999623298645,
            "max": -0.7644999623298645,
            "count": 1
        },
        "EnemyBehaviour.Policy.ExtrinsicReward.mean": {
            "value": -0.7644999623298645,
            "min": -0.7644999623298645,
            "max": -0.7644999623298645,
            "count": 1
        },
        "EnemyBehaviour.Policy.ExtrinsicReward.sum": {
            "value": -0.7644999623298645,
            "min": -0.7644999623298645,
            "max": -0.7644999623298645,
            "count": 1
        },
        "EnemyBehaviour.Policy.CuriosityReward.mean": {
            "value": 0.0,
            "min": 0.0,
            "max": 0.0,
            "count": 1
        },
        "EnemyBehaviour.Policy.CuriosityReward.sum": {
            "value": 0.0,
            "min": 0.0,
            "max": 0.0,
            "count": 1
        },
        "EnemyBehaviour.IsTraining.mean": {
            "value": 1.0,
            "min": 1.0,
            "max": 1.0,
            "count": 1
        },
        "EnemyBehaviour.IsTraining.sum": {
            "value": 1.0,
            "min": 1.0,
            "max": 1.0,
            "count": 1
        }
    },
    "metadata": {
        "timer_format_version": "0.1.0",
        "start_time_seconds": "1676024384",
        "python_version": "3.9.13 (main, Aug 25 2022, 23:51:50) [MSC v.1916 64 bit (AMD64)]",