{
    "name": "root",
    "gauges": {
        "EnemyBehaviour.Policy.Entropy.mean": {
            "value": 1.8633702993392944,
            "min": 1.8232836723327637,
            "max": 1.8790463209152222,
            "count": 5
        },
        "EnemyBehaviour.Policy.Entropy.sum": {
            "value": 19241.162109375,
            "min": 6638.31640625,
            "max": 20124.5859375,
            "count": 5
        },
        "EnemyBehaviour.Environment.EpisodeLength.mean": {
            "value": 102.94029850746269,
            "min": 93.58333333333333,
            "max": 122.46987951807229,
            "count": 5
        },
        "EnemyBehaviour.Environment.EpisodeLength.sum": {
            "value": 6897.0,
            "min": 2920.0,
            "max": 10165.0,
            "count": 5
        },
        "EnemyBehaviour.Self-play.ELO.mean": {
            "value": 1200.8878409737144,
            "min": 1200.6068335616424,
            "max": 1200.8878409737144,
            "count": 5
        },
        "EnemyBehaviour.Self-play.ELO.sum": {
            "value": 80459.48534523886,
            "min": 36018.20500684927,
            "max": 100868.27381359275,
            "count": 5
        },
        "EnemyBehaviour.Step.mean": {
            "value": 319995.0,
            "min": 279980.0,
            "max": 319995.0,
            "count": 5
        },
        "EnemyBehaviour.Step.sum": {
            "value": 319995.0,
            "min": 279980.0,
            "max": 319995.0,
            "count": 5
        },
        "EnemyBehaviour.Policy.ExtrinsicValueEstimate.mean": {
            "value": 0.32540664076805115,
            "min": 0.19823870062828064,
            "max": 0.32540664076805115,
            "count": 5
        },
        "EnemyBehaviour.Policy.ExtrinsicValueEstimate.sum": {
            "value": 22.778465270996094,
            "min": 6.123129844665527,
            "max": 26.440006256103516,
            "count": 5
        },
        "EnemyBehaviour.Environment.CumulativeReward.mean": {
            "value": 0.7394552248627392,
            "min": 0.5981551717067587,
            "max": 0.76270238026267,
            "count": 5
        },
        "EnemyBehaviour.Environment.CumulativeReward.sum": {
            "value": 49.54350006580353,
            "min": 17.346499979496002,
            "max": 64.06699994206429,
            "count": 5
        },
        "EnemyBehaviour.Policy.ExtrinsicReward.mean": {
            "value": 0.7394552248627392,
            "min": 0.5981551717067587,
            "max": 0.76270238026267,
            "count": 5
        },
        "EnemyBehaviour.Policy.ExtrinsicReward.sum": {
            "value": 49.54350006580353,
            "min": 17.346499979496002,
            "max": 64.06699994206429,
            "count": 5
        },
        "EnemyBehaviour.IsTraining.mean": {
            "value": 1.0,
            "min": 1.0,
            "max": 1.0,
            "count": 5
        },
        "EnemyBehaviour.IsTraining.sum": {
            "value": 1.0,
            "min": 1.0,
            "max": 1.0,
            "count": 5
        },
        "PlayerBehaviour.Policy.Entropy.mean": {
            "value": 2.0654234886169434,
            "min": 2.047666311264038,
            "max": 2.0970406532287598,
            "count": 5
        },
        "PlayerBehaviour.Policy.Entropy.sum": {
            "value": 21327.5625,
            "min": 7434.60107421875,
            "max": 22459.306640625,
            "count": 5
        },
        "PlayerBehaviour.Environment.EpisodeLength.mean": {
            "value": 102.94029850746269,
            "min": 93.58333333333333,
            "max": 122.46987951807229,
            "count": 5
        },
        "PlayerBehaviour.Environment.EpisodeLength.sum": {
            "value": 6897.0,
            "min": 2920.0,
            "max": 10165.0,
            "count": 5
        },
        "PlayerBehaviour.Self-play.ELO.mean": {
            "value": 334.24329189260476,
            "min": 334.24329189260476,
            "max": 596.9094981801566,
            "count": 5
        },
        "PlayerBehaviour.Self-play.ELO.sum": {
            "value": 22394.30055680452,
            "min": 17907.284945404695,
            "max": 45029.151393679065,
            "count": 5
        },
        "PlayerBehaviour.Step.mean": {
            "value": 319995.0,
            "min": 279980.0,
            "max": 319995.0,
            "count": 5
        },
        "PlayerBehaviour.Step.sum": {
            "value": 319995.0,
            "min": 279980.0,
            "max": 319995.0,
            "count": 5
        },
        "PlayerBehaviour.Policy.ExtrinsicValueEstimate.mean": {
            "value": -0.7794707417488098,
            "min": -0.7794707417488098,
            "max": -0.6040294766426086,
            "count": 5
        },
        "PlayerBehaviour.Policy.ExtrinsicValueEstimate.sum": {
            "value": -54.562950134277344,
            "min": -62.699092864990234,
            "max": -17.516855239868164,
            "count": 5
        },
        "PlayerBehaviour.Environment.CumulativeReward.mean": {
            "value": -1.7829333010004527,
            "min": -1.820067578287267,
            "max": -1.7466728194006558,
            "count": 5
        },
        "PlayerBehaviour.Environment.CumulativeReward.sum": {
            "value": -119.45653116703033,
            "min": -150.43303298950195,
            "max": -50.65351176261902,
            "count": 5
        },
        "PlayerBehaviour.Policy.ExtrinsicReward.mean": {
            "value": -1.7829333010004527,
            "min": -1.820067578287267,
            "max": -1.7466728194006558,
            "count": 5
        },
        "PlayerBehaviour.Policy.ExtrinsicReward.sum": {
            "value": -119.45653116703033,
            "min": -150.43303298950195,
            "max": -50.65351176261902,
            "count": 5
        },
        "PlayerBehaviour.IsTraining.mean": {
            "value": 1.0,
            "min": 1.0,
            "max": 1.0,
            "count": 5
        },
        "PlayerBehaviour.IsTraining.sum": {
            "value": 1.0,
            "min": 1.0,
            "max": 1.0,
            "count": 5
        },
        "EnemyBehaviour.Losses.PolicyLoss.mean": {
            "value": 0.01556033546415468,
            "min": 0.01556033546415468,
            "max": 0.016618807055056094,
            "count": 2
        },
        "EnemyBehaviour.Losses.PolicyLoss.sum": {
            "value": 0.01556033546415468,
            "min": 0.01556033546415468,
            "max": 0.016618807055056094,
            "count": 2
        },
        "EnemyBehaviour.Losses.ValueLoss.mean": {
            "value": 0.014063649562497933,
            "min": 0.014063649562497933,
            "max": 0.017610399052500725,
            "count": 2
        },
        "EnemyBehaviour.Losses.ValueLoss.sum": {
            "value": 0.014063649562497933,
            "min": 0.014063649562497933,
            "max": 0.017610399052500725,
            "count": 2
        },
        "EnemyBehaviour.Policy.LearningRate.mean": {
            "value": 0.0003,
            "min": 0.0003,
            "max": 0.0003,
            "count": 2
        },
        "EnemyBehaviour.Policy.LearningRate.sum": {
            "value": 0.0003,
            "min": 0.0003,
            "max": 0.0003,
            "count": 2
        },
        "EnemyBehaviour.Policy.Epsilon.mean": {
            "value": 0.20000000000000007,
            "min": 0.20000000000000007,
            "max": 0.20000000000000007,
            "count": 2
        },
        "EnemyBehaviour.Policy.Epsilon.sum": {
            "value": 0.20000000000000007,
            "min": 0.20000000000000007,
            "max": 0.20000000000000007,
            "count": 2
        },
        "EnemyBehaviour.Policy.Beta.mean": {
            "value": 0.005000000000000001,
            "min": 0.005000000000000001,
            "max": 0.005000000000000001,
            "count": 2
        },