{
    "name": "root",
    "gauges": {
        "EnemyBehaviour.Policy.Entropy.mean": {
            "value": 2.1605846881866455,
            "min": 2.1069962978363037,
            "max": 2.1609013080596924,
            "count": 8
        },
        "EnemyBehaviour.Policy.Entropy.sum": {
            "value": 19445.26171875,
            "min": 18962.966796875,
            "max": 37959.9609375,
            "count": 8
        },
        "EnemyBehaviour.Step.mean": {
            "value": 179535.0,
            "min": 109535.0,
            "max": 179535.0,
            "count": 8
        },
        "EnemyBehaviour.Step.sum": {
            "value": 179535.0,
            "min": 109535.0,
            "max": 179535.0,
            "count": 8
        },
        "EnemyBehaviour.Policy.ExtrinsicValueEstimate.mean": {
            "value": -0.185634046792984,
            "min": -0.185634046792984,
            "max": -0.13016179203987122,
            "count": 8
        },
        "EnemyBehaviour.Policy.ExtrinsicValueEstimate.sum": {
            "value": -1.8563404083251953,
            "min": -1.8563404083251953,
            "max": -0.9637961983680725,
            "count": 8
        },
        "EnemyBehaviour.Policy.CuriosityValueEstimate.mean": {
            "value": 0.409790575504303,
            "min": 0.06753232330083847,
            "max": 0.409790575504303,
            "count": 8
        },
        "EnemyBehaviour.Policy.CuriosityValueEstimate.sum": {
            "value": 4.09790563583374,
            "min": 0.4727262854576111,
            "max": 4.09790563583374,
            "count": 8
        },
        "EnemyBehaviour.IsTraining.mean": {
            "value": 1.0,
            "min": 1.0,
            "max": 1.0,
            "count": 8
        },
        "EnemyBehaviour.IsTraining.sum": {
            "value": 1.0,
            "min": 1.0,
            "max": 1.0,
            "count": 8
        },
        "PlayerBehaviour.Policy.Entropy.mean": {
            "value": 2.1649715900421143,
            "min": 2.1649715900421143,
            "max": 2.1793212890625,
            "count": 8
        },
        "PlayerBehaviour.Policy.Entropy.sum": {
            "value": 19484.744140625,
            "min": 19484.744140625,
            "max": 39173.94921875,
            "count": 8
        },
        "PlayerBehaviour.Step.mean": {
            "value": 179535.0,
            "min": 109535.0,
            "max": 179535.0,
            "count": 8
        },
        "PlayerBehaviour.Step.sum": {
            "value": 179535.0,
            "min": 109535.0,
            "max": 179535.0,
            "count": 8
        },
        "PlayerBehaviour.Policy.ExtrinsicValueEstimate.mean": {
            "value": -0.1663036346435547,
            "min": -0.1663036346435547,
            "max": -0.08400924503803253,
            "count": 8
        },
        "PlayerBehaviour.Policy.ExtrinsicValueEstimate.sum": {
            "value": -1.6630363464355469,
            "min": -1.6630363464355469,
            "max": -0.5880647301673889,
            "count": 8
        },
        "PlayerBehaviour.Policy.CuriosityValueEstimate.mean": {
            "value": 0.2639051675796509,
            "min": 0.15388928353786469,
            "max": 0.27544739842414856,
            "count": 8
        },
        "PlayerBehaviour.Policy.CuriosityValueEstimate.sum": {
            "value": 2.639051675796509,
            "min": 1.5388928651809692,
            "max": 2.6758460998535156,
            "count": 8
        },
        "PlayerBehaviour.IsTraining.mean": {
            "value": 1.0,
            "min": 1.0,
            "max": 1.0,
            "count": 8
        },
        "PlayerBehaviour.IsTraining.sum": {
            "value": 1.0,
            "min": 1.0,
            "max": 1.0,
            "count": 8
        },
        "EnemyBehaviour.Losses.PolicyLoss.mean": {
            "value": 0.01892381787109069,
            "min": 0.01870301705546295,
            "max": 0.01892381787109069,
            "count": 2
        },
        "EnemyBehaviour.Losses.PolicyLoss.sum": {
            "value": 0.01892381787109069,
            "min": 0.01870301705546295,
            "max": 0.01892381787109069,
            "count": 2
        },
        "EnemyBehaviour.Losses.ValueLoss.mean": {
            "value": 0.0072743702106750924,
            "min": 0.0072743702106750924,
            "max": 0.014295938923262442,
            "count": 2
        },
        "EnemyBehaviour.Losses.ValueLoss.sum": {
            "value": 0.0072743702106750924,
            "min": 0.0072743702106750924,
            "max": 0.014295938923262442,
            "count": 2
        },
        "EnemyBehaviour.Policy.LearningRate.mean": {
            "value": 0.0003,
            "min": 0.0003,
            "max": 0.0003,
            "count": 2
        },
        "EnemyBehaviour.Policy.LearningRate.sum": {
            "value": 0.0003,
            "min": 0.0003,
            "max": 0.0003,
            "count": 2
        },
        "EnemyBehaviour.Policy.Epsilon.mean": {
            "value": 0.20000000000000004,
            "min": 0.20000000000000004,
            "max": 0.20000000000000004,
            "count": 2
        },
        "EnemyBehaviour.Policy.Epsilon.sum": {
            "value": 0.20000000000000004,
            "min": 0.20000000000000004,
            "max": 0.20000000000000004,
            "count": 2
        },
        "EnemyBehaviour.Policy.Beta.mean": {
            "value": 0.005000000000000001,
            "min": 0.005000000000000001,
            "max": 0.005000000000000001,
            "count": 2
        },
        "EnemyBehaviour.Policy.Beta.sum": {
            "value": 0.005000000000000001,
            "min": 0.005000000000000001,
            "max": 0.005000000000000001,
            "count": 2
        },
        "EnemyBehaviour.Losses.CuriosityForwardLoss.mean": {
            "value": 0.08197596927101795,
            "min": 0.08197596927101795,
            "max": 0.4754678616539026,
            "count": 2
        },
        "EnemyBehaviour.Losses.CuriosityForwardLoss.sum": {
            "value": 0.08197596927101795,
            "min": 0.08197596927101795,
            "max": 0.4754678616539026,
            "count": 2
        },
        "EnemyBehaviour.Losses.CuriosityInverseLoss.mean": {
            "value": 2.077912049415784,
            "min": 2.077912049415784,
            "max": 2.1095829621339455,
            "count": 2
        },
        "EnemyBehaviour.Losses.CuriosityInverseLoss.sum": {
            "value": 2.077912049415784,
            "min": 2.077912049415784,
            "max": 2.1095829621339455,
            "count": 2
        },
        "PlayerBehaviour.Losses.PolicyLoss.mean": {
            "value": 0.01840164493590307,
            "min": 0.01300294506841172,
            "max": 0.01840164493590307,
            "count": 2
        },
        "PlayerBehaviour.Losses.PolicyLoss.sum": {
            "value": 0.01840164493590307,
            "min": 0.01300294506841172,
            "max": 0.01840164493590307,
            "count": 2
        },
        "PlayerBehaviour.Losses.ValueLoss.mean": {
            "value": 0.0010444879672155739,
            "min": 0.0010444879672155739,
            "max": 0.0029635242401407315,
            "count": 2
        },
        "PlayerBehaviour.Losses.ValueLoss.sum": {
            "value": 0.0010444879672155739,
            "min": 0.0010444879672155739,
            "max": 0.0029635242401407315,
            "count": 2
        },
        "PlayerBehaviour.Policy.LearningRate.mean": {
            "value": 0.0003,
            "min": 0.0003,
            "max": 0.0003,
            "count": 2
        },
        "PlayerBehaviour.Policy.LearningRate.sum": {
            "value": 0.0003,
            "min": 0.0003,
            "max": 0.0003,
            "count": 2
        },
        "PlayerBehaviour.Policy.Epsilon.mean": {
            "value": 0.20000000000000004,
            "min": 0.20000000000000004,
            "max": 0.20000000000000004,