{"count":1,"self":7957.1582976,"total":38486.5806218,"children":{"InitializeActuators":{"count":18,"self":0.0019946,"total":0.0019946,"children":null},"InitializeSensors":{"count":18,"self":0.0019947999999999997,"total":0.0019947999999999997,"children":null},"AgentSendState":{"count":4417101,"self":12398.7959808,"total":12736.7683327,"children":{"CollectObservations":{"count":15901830,"self":3.6620383999999997,"total":3.6620383,"children":null},"WriteActionMask":{"count":15901830,"self":4.5776976,"total":4.5776974,"children":null},"RequestDecision":{"count":15901830,"self":28.292169599999998,"total":329.73274349999997,"children":{"AgentInfo.ToProto":{"count":15901830,"self":28.6031712,"total":301.4405742,"children":{"GenerateSensorData":{"count":15901830,"self":168.7135104,"total":272.8374025,"children":{"RayPerceptionSensor.Perceive":{"count":23852745,"self":104.12389119999999,"total":104.12388969999999,"children":null}}}}}}}}},"DecideAction":{"count":4417101,"self":17638.9373952,"total":17638.9374088,"children":null},"AgentAct":{"count":4417101,"self":142.8604288,"total":142.8693825,"children":{"AgentInfo.ToProto":{"count":676,"self":0.0009971,"total":0.0089508,"children":{"GenerateSensorData":{"count":676,"self":0.0059586,"total":0.0079537,"children":{"RayPerceptionSensor.Perceive":{"count":1014,"self":0.0019951,"total":0.0019951,"children":null}}}}}}},"AgentInfo.ToProto":{"count":448448,"self":1.3144593999999998,"total":10.8423033,"children":{"GenerateSensorData":{"count":448448,"self":6.1459008,"total":9.5278438999999988,"children":{"RayPerceptionSensor.Perceive":{"count":672672,"self":3.3819428,"total":3.3819429,"children":null}}}}}},"gauges":{"EnemyBehaviour.CumulativeReward":{"count":224562,"max":0.946999967,"min":-6.350433,"runningAverage":0.9099819,"value":0.9435,"weightedAverage":0.939458668},"PlayerBehaviour.CumulativeReward":{"count":224562,"max":-1.33246875,"min":-7.72413445,"runningAverage":-2.938904,"value":-2.9565,"weightedAverage":-2.94504237}},"metadata":{"timer_format_version":"0.1.0","start_time_seconds":"1676079600","unity_version":"2021.3.11f1","command_line_arguments":"D:\\Unity Editor\\2021.3.11f1\\Editor\\Unity.exe -projectpath C:\\Users\\tteix\\TCC -useHub -hubIPC -cloudEnvironment production -licensingIpc LicenseClient-tteix -hubSessionId 771dd190-a989-11ed-9ab1-81a77e05c608","communication_protocol_version":"1.5.0","com.unity.ml-agents_version":"2.0.1","scene_name":"TCC","end_time_seconds":"1676118087"}}